{
  "missing_required": [],
  "missing_warn": [
    "set",
    "game",
    "lado",
    "inicio_golpe_x",
    "inicio_golpe_y"
  ],
  "null_frac": {
    "row_name": 0.0,
    "clip_start": 0.0,
    "clip_end": 0.0,
    "set_num": 0.9988558352402745,
    "set_num:_time": 0.9988558352402745,
    "set_p1": 0.9988558352402745,
    "set_p1:_time": 0.9988558352402745,
    "set_p2": 0.9988558352402745,
    "set_p2:_time": 0.9988558352402745,
    "servicio": 0.715675057208238,
    "servicio:_time": 0.715675057208238,
    "jugador": 0.0,
    "jugador:_time": 0.0,
    "pareja": 0.0,
    "pareja:_time": 0.0,
    "cara_pala": 0.09725400457665904,
    "cara_pala:_time": 0.09725400457665904,
    "pared": 0.6836384439359268,
    "pared:_time": 0.6836384439359268,
    "punto_lost": 0.852974828375286,
    "punto_lost:_time": 0.852974828375286,
    "winner": 0.8678489702517163,
    "winner:_time": 0.8678489702517163,
    "juego_lost": 0.9856979405034325,
    "juego_lost:_time": 0.9856979405034325,
    "punto_win": 0.8615560640732265,
    "punto_win:_time": 0.8615560640732265,
    "error": 0.9393592677345538,
    "error:_time": 0.9393592677345538,
    "juego_win": 0.9856979405034325,
    "juego_win:_time": 0.9856979405034325,
    "break_point": 0.9914187643020596,
    "break_point:_time": 0.9914187643020596,
    "fuerza_error": 0.9668192219679634,
    "fuerza_error:_time": 0.9668192219679634,
    "break_fav": 0.9977116704805492,
    "break_fav:_time": 0.9977116704805492,
    "punto_p1": 0.9130434782608695,
    "punto_p1:_time": 0.9130434782608695,
    "punto_p2": 0.9130434782608695,
    "punto_p2:_time": 0.9130434782608695,
    "set_point": 0.9954233409610984,
    "set_point:_time": 0.9954233409610984,
    "set_win": 0.9988558352402745,
    "set_win:_time": 0.9988558352402745,
    "set_lost": 0.9988558352402745,
    "set_lost:_time": 0.9988558352402745,
    "match_point": 0.9982837528604119,
    "match_point:_time": 0.9982837528604119,
    "zona_saque": 0.9038901601830663,
    "zona_saque:_time": 0.9038901601830663,
    "zona_resto": 0.9038901601830663,
    "zona_resto:_time": 0.9038901601830663,
    "inicio_gople": 0.9170480549199085,
    "inicio_gople:_time": 0.9170480549199085,
    "inicio_gople:_x": 0.9170480549199085,
    "inicio_gople:_y": 0.9170480549199085,
    "juego_p1": 0.9868421052631579,
    "juego_p1:_time": 0.9868421052631579,
    "juego_p2": 0.9868421052631579,
    "juego_p2:_time": 0.9868421052631579,
    "break_con": 0.9994279176201373,
    "break_con:_time": 0.9994279176201373,
    "golpe_q": 0.19736842105263158,
    "golpe_q:_time": 0.19736842105263158,
    "fin_golpe": 0.9176201372997712,
    "fin_golpe:_time": 0.9176201372997712,
    "fin_golpe:_x": 0.9176201372997712,
    "fin_golpe:_y": 0.9176201372997712,
    "asistencia": 0.9994279176201373,
    "asistencia:_time": 0.9994279176201373,
    "__source_file": 0.0
  },
  "type_warnings": [
    "Esperado numérico en 'punto_p1', pero dtype=string",
    "Esperado numérico en 'punto_p2', pero dtype=string"
  ],
  "high_nulls": [
    "set_num",
    "set_num:_time",
    "set_p1",
    "set_p1:_time",
    "set_p2",
    "set_p2:_time",
    "servicio",
    "servicio:_time",
    "pared",
    "pared:_time",
    "punto_lost",
    "punto_lost:_time",
    "winner",
    "winner:_time",
    "juego_lost",
    "juego_lost:_time",
    "punto_win",
    "punto_win:_time",
    "error",
    "error:_time",
    "juego_win",
    "juego_win:_time",
    "break_point",
    "break_point:_time",
    "fuerza_error",
    "fuerza_error:_time",
    "break_fav",
    "break_fav:_time",
    "punto_p1",
    "punto_p1:_time",
    "punto_p2",
    "punto_p2:_time",
    "set_point",
    "set_point:_time",
    "set_win",
    "set_win:_time",
    "set_lost",
    "set_lost:_time",
    "match_point",
    "match_point:_time",
    "zona_saque",
    "zona_saque:_time",
    "zona_resto",
    "zona_resto:_time",
    "inicio_gople",
    "inicio_gople:_time",
    "inicio_gople:_x",
    "inicio_gople:_y",
    "juego_p1",
    "juego_p1:_time",
    "juego_p2",
    "juego_p2:_time",
    "break_con",
    "break_con:_time",
    "fin_golpe",
    "fin_golpe:_time",
    "fin_golpe:_x",
    "fin_golpe:_y",
    "asistencia",
    "asistencia:_time"
  ]
}