{
  "missing_required": [],
  "missing_warn": [
    "set",
    "game",
    "lado",
    "inicio_golpe_x",
    "inicio_golpe_y"
  ],
  "null_frac": {
    "row_name": 0.0,
    "clip_start": 0.0,
    "clip_end": 0.0,
    "set_num": 0.9987373737373737,
    "set_num:_time": 0.9987373737373737,
    "set_p1": 0.9981060606060606,
    "set_p1:_time": 0.9981060606060606,
    "set_p2": 0.9987373737373737,
    "set_p2:_time": 0.9987373737373737,
    "servicio": 0.7146464646464646,
    "servicio:_time": 0.7146464646464646,
    "jugador": 0.0,
    "jugador:_time": 0.0,
    "pareja": 0.0,
    "pareja:_time": 0.0,
    "cara_pala": 0.09659090909090909,
    "cara_pala:_time": 0.09659090909090909,
    "pared": 0.6957070707070707,
    "pared:_time": 0.6957070707070707,
    "punto_win": 0.8623737373737373,
    "punto_win:_time": 0.8623737373737373,
    "error": 0.9444444444444444,
    "error:_time": 0.9444444444444444,
    "punto_lost": 0.8478535353535354,
    "punto_lost:_time": 0.8478535353535354,
    "winner": 0.8446969696969697,
    "winner:_time": 0.8446969696969697,
    "juego_lost": 0.9835858585858586,
    "juego_lost:_time": 0.9835858585858586,
    "juego_win": 0.9842171717171717,
    "juego_win:_time": 0.9842171717171717,
    "fuerza_error": 0.9848484848484849,
    "fuerza_error:_time": 0.9848484848484849,
    "break_point": 0.9823232323232324,
    "break_point:_time": 0.9823232323232324,
    "set_point": 0.9917929292929293,
    "set_point:_time": 0.9917929292929293,
    "set_lost": 0.9981060606060606,
    "set_lost:_time": 0.9981060606060606,
    "set_win": 0.9981060606060606,
    "set_win:_time": 0.9981060606060606,
    "punto_p2": 0.9128787878787878,
    "punto_p2:_time": 0.9128787878787878,
    "break_fav": 0.9955808080808081,
    "break_fav:_time": 0.9955808080808081,
    "match_point": 0.9981060606060606,
    "match_point:_time": 0.9981060606060606,
    "zona_saque": 0.9046717171717171,
    "zona_saque:_time": 0.9046717171717171,
    "zona_resto": 0.9046717171717171,
    "zona_resto:_time": 0.9046717171717171,
    "inicio_gople": 0.9046717171717171,
    "inicio_gople:_time": 0.9046717171717171,
    "inicio_gople:_x": 0.9046717171717171,
    "inicio_gople:_y": 0.9046717171717171,
    "juego_p1": 0.985479797979798,
    "juego_p1:_time": 0.985479797979798,
    "juego_p2": 0.985479797979798,
    "juego_p2:_time": 0.985479797979798,
    "break_con": 0.9993686868686869,
    "break_con:_time": 0.9993686868686869,
    "punto_p1": 0.9141414141414141,
    "punto_p1:_time": 0.9141414141414141,
    "golpe_q": 0.19823232323232323,
    "golpe_q:_time": 0.19823232323232323,
    "fin_golpe": 0.9053030303030303,
    "fin_golpe:_time": 0.9053030303030303,
    "fin_golpe:_x": 0.9053030303030303,
    "fin_golpe:_y": 0.9053030303030303,
    "inicio_golpe": 0.9993686868686869,
    "inicio_golpe:_time": 0.9993686868686869,
    "inicio_golpe:_x": 0.9993686868686869,
    "inicio_golpe:_y": 0.9993686868686869,
    "__source_file": 0.0
  },
  "type_warnings": [
    "Esperado numérico en 'punto_p1', pero dtype=string",
    "Esperado numérico en 'punto_p2', pero dtype=string"
  ],
  "high_nulls": [
    "set_num",
    "set_num:_time",
    "set_p1",
    "set_p1:_time",
    "set_p2",
    "set_p2:_time",
    "servicio",
    "servicio:_time",
    "pared",
    "pared:_time",
    "punto_win",
    "punto_win:_time",
    "error",
    "error:_time",
    "punto_lost",
    "punto_lost:_time",
    "winner",
    "winner:_time",
    "juego_lost",
    "juego_lost:_time",
    "juego_win",
    "juego_win:_time",
    "fuerza_error",
    "fuerza_error:_time",
    "break_point",
    "break_point:_time",
    "set_point",
    "set_point:_time",
    "set_lost",
    "set_lost:_time",
    "set_win",
    "set_win:_time",
    "punto_p2",
    "punto_p2:_time",
    "break_fav",
    "break_fav:_time",
    "match_point",
    "match_point:_time",
    "zona_saque",
    "zona_saque:_time",
    "zona_resto",
    "zona_resto:_time",
    "inicio_gople",
    "inicio_gople:_time",
    "inicio_gople:_x",
    "inicio_gople:_y",
    "juego_p1",
    "juego_p1:_time",
    "juego_p2",
    "juego_p2:_time",
    "break_con",
    "break_con:_time",
    "punto_p1",
    "punto_p1:_time",
    "fin_golpe",
    "fin_golpe:_time",
    "fin_golpe:_x",
    "fin_golpe:_y",
    "inicio_golpe",
    "inicio_golpe:_time",
    "inicio_golpe:_x",
    "inicio_golpe:_y"
  ]
}