{
  "missing_required": [],
  "missing_warn": [
    "set",
    "game",
    "lado",
    "inicio_golpe_x",
    "inicio_golpe_y"
  ],
  "null_frac": {
    "row_name": 0.0,
    "clip_start": 0.0,
    "clip_end": 0.0,
    "set_num": 0.9984709480122325,
    "set_num:_time": 0.9984709480122325,
    "set_p1": 0.9984709480122325,
    "set_p1:_time": 0.9984709480122325,
    "set_p2": 0.9984709480122325,
    "set_p2:_time": 0.9984709480122325,
    "servicio": 0.6781345565749235,
    "servicio:_time": 0.6781345565749235,
    "jugador": 0.0,
    "jugador:_time": 0.0,
    "pareja": 0.0,
    "pareja:_time": 0.0,
    "cara_pala": 0.11467889908256881,
    "cara_pala:_time": 0.11467889908256881,
    "pared": 0.6743119266055045,
    "pared:_time": 0.6743119266055045,
    "punto_lost": 0.8440366972477065,
    "punto_lost:_time": 0.8440366972477065,
    "error": 0.9097859327217125,
    "error:_time": 0.9097859327217125,
    "punto_win": 0.8318042813455657,
    "punto_win:_time": 0.8318042813455657,
    "winner": 0.8761467889908257,
    "winner:_time": 0.8761467889908257,
    "juego_win": 0.9839449541284404,
    "juego_win:_time": 0.9839449541284404,
    "juego_lost": 0.9839449541284404,
    "juego_lost:_time": 0.9839449541284404,
    "break_point": 0.9801223241590215,
    "break_point:_time": 0.9801223241590215,
    "set_point": 0.9923547400611621,
    "set_point:_time": 0.9923547400611621,
    "set_lost": 0.9984709480122325,
    "set_lost:_time": 0.9984709480122325,
    "set_win": 0.9984709480122325,
    "set_win:_time": 0.9984709480122325,
    "fuerza_error": 0.9755351681957186,
    "fuerza_error:_time": 0.9755351681957186,
    "match_point": 0.996177370030581,
    "match_point:_time": 0.996177370030581,
    "zona_resto": 0.8929663608562691,
    "zona_resto:_time": 0.8929663608562691,
    "juego_p1": 0.985474006116208,
    "juego_p1:_time": 0.985474006116208,
    "juego_p2": 0.985474006116208,
    "juego_p2:_time": 0.985474006116208,
    "break_con": 0.9984709480122325,
    "break_con:_time": 0.9984709480122325,
    "punto_p1": 0.9029051987767585,
    "punto_p1:_time": 0.9029051987767585,
    "punto_p2": 0.9029051987767585,
    "punto_p2:_time": 0.9029051987767585,
    "golpe_q": 0.22018348623853212,
    "golpe_q:_time": 0.22018348623853212,
    "zona_saque": 0.8899082568807339,
    "zona_saque:_time": 0.8899082568807339,
    "inicio_gople": 0.9151376146788991,
    "inicio_gople:_time": 0.9151376146788991,
    "inicio_gople:_x": 0.9151376146788991,
    "inicio_gople:_y": 0.9151376146788991,
    "fin_golpe": 0.9197247706422018,
    "fin_golpe:_time": 0.9197247706422018,
    "fin_golpe:_x": 0.9197247706422018,
    "fin_golpe:_y": 0.9197247706422018,
    "asistencia": 0.9915902140672783,
    "asistencia:_time": 0.9915902140672783,
    "__source_file": 0.0
  },
  "type_warnings": [
    "Esperado numérico en 'punto_p1', pero dtype=string",
    "Esperado numérico en 'punto_p2', pero dtype=string"
  ],
  "high_nulls": [
    "set_num",
    "set_num:_time",
    "set_p1",
    "set_p1:_time",
    "set_p2",
    "set_p2:_time",
    "servicio",
    "servicio:_time",
    "pared",
    "pared:_time",
    "punto_lost",
    "punto_lost:_time",
    "error",
    "error:_time",
    "punto_win",
    "punto_win:_time",
    "winner",
    "winner:_time",
    "juego_win",
    "juego_win:_time",
    "juego_lost",
    "juego_lost:_time",
    "break_point",
    "break_point:_time",
    "set_point",
    "set_point:_time",
    "set_lost",
    "set_lost:_time",
    "set_win",
    "set_win:_time",
    "fuerza_error",
    "fuerza_error:_time",
    "match_point",
    "match_point:_time",
    "zona_resto",
    "zona_resto:_time",
    "juego_p1",
    "juego_p1:_time",
    "juego_p2",
    "juego_p2:_time",
    "break_con",
    "break_con:_time",
    "punto_p1",
    "punto_p1:_time",
    "punto_p2",
    "punto_p2:_time",
    "zona_saque",
    "zona_saque:_time",
    "inicio_gople",
    "inicio_gople:_time",
    "inicio_gople:_x",
    "inicio_gople:_y",
    "fin_golpe",
    "fin_golpe:_time",
    "fin_golpe:_x",
    "fin_golpe:_y",
    "asistencia",
    "asistencia:_time"
  ]
}